<?xml version="1.0" encoding="UTF-8"?>
<beans xmlns="http://www.springframework.org/schema/beans" xmlns:xsi="http://www.w3.org/2001/XMLSchema-instance"
    xmlns:context="http://www.springframework.org/schema/context"
    xsi:schemaLocation="
        http://www.springframework.org/schema/beans http://www.springframework.org/schema/beans/spring-beans-2.5.xsd
        http://www.springframework.org/schema/context http://www.springframework.org/schema/context/spring-context-2.5.xsd">

    <!-- Specify our transit data source -->
    <bean id="transitDataService" class="org.springframework.remoting.caucho.HessianProxyFactoryBean">
        <property name="serviceUrl" value="http://soak-transit-data.onebusaway.org/puget_sound/remoting/transit-data-service" />
        <property name="serviceInterface" value="org.onebusaway.transit_data.services.TransitDataService" />
    </bean>

    <!-- Database Connection Configuration -->
    <bean id="dataSource" class="org.springframework.jdbc.datasource.DriverManagerDataSource">
        <property name="driverClassName" value="org.hsqldb.jdbcDriver" />
        <property name="url" value="jdbc:hsqldb:file:/tmp/org_onebusaway_database_phone" />
        <property name="username" value="sa" />
        <property name="password" value="" />
    </bean>
    
    <!--
        The Geocoder is used in the SMS interface for determining your default search location. The DefaultGeocoderImpl
        doesn't actually do much geocoding... it's just there for testing
    -->
    <bean id="externalGeocoderImpl" class="org.onebusaway.geocoder.impl.FixedGeocoderImpl">
        <property name="lat" value="47.65475043477393" />
        <property name="lon" value="-122.3078727722168" />
        <property name="city" value="Seattle" />
        <property name="state" value="WA" />
        <property name="postalCode" value="98105" />
    </bean>

    <!--
        Allows configuration of a default service area for searches when the user hasn't already specified a search area
    -->
    <bean id="serviceArea" class="org.onebusaway.presentation.impl.DefaultServiceAreaServiceImpl" />

    <bean id="pronunciationFactory" class="org.onebusaway.presentation.impl.text.XmlTextModificationsFactory">
        <property name="resource" value="classpath:pronunciations.xml" />
    </bean>

    <bean id="destinationPronunciation" factory-bean="pronunciationFactory" factory-method="create">
        <qualifier value="destinationPronunciation" />
    </bean>

    <bean id="routeNumberPronuncation" class="org.onebusaway.phone.impl.RouteNumberPronunciation">
        <qualifier value="routeNumberPronunciation" />
    </bean>

    <bean id="locationPronuncation" class="org.onebusaway.phone.impl.LocationPronunciation">
        <qualifier value="locationPronunciation" />
        <property name="additionalPronunciation" ref="destinationPronunciation" />
    </bean>

    <bean id="directionPronunciation" class="org.onebusaway.phone.impl.DirectionPronunciation">
        <qualifier value="directionPronunciation" />
    </bean>
</beans>
