<?xml version="1.0" encoding="UTF-8"?>
<beans xmlns="http://www.springframework.org/schema/beans" xmlns:xsi="http://www.w3.org/2001/XMLSchema-instance"
    xmlns:context="http://www.springframework.org/schema/context"
    xsi:schemaLocation="
        http://www.springframework.org/schema/beans http://www.springframework.org/schema/beans/spring-beans-3.0.xsd
        http://www.springframework.org/schema/context http://www.springframework.org/schema/context/spring-context-3.0.xsd">

    <bean id="transitDataService" class="org.springframework.remoting.caucho.HessianProxyFactoryBean">
        <property name="serviceUrl"
            value="http://localhost/onebusaway-transit-data-federation-webapp/remoting/transit-data-service" />
        <property name="serviceInterface" value="org.onebusaway.transit_data.services.TransitDataService" />
    </bean>

    <!-- Database Connection Configuration -->
    <bean id="dataSource" class="org.springframework.jdbc.datasource.DriverManagerDataSource">
        <property name="driverClassName" value="org.postgresql.Driver" />
        <property name="url" value="jdbc:postgresql://localhost:5432/org_onebusaway_users" />
        <property name="username" value="oba" />
        <property name="password" value="seb319obaATL" />
    </bean>

    <bean class="org.onebusaway.container.spring.PropertiesBeanPostProcessor">
        <property name="target" value="hibernateProperties" />
        <property name="properties">
            <props>
                <prop key="hibernate.dialect">org.hibernate.dialect.PostgreSQLDialect</prop>
            </props>
        </property>
    </bean>

    <!--
        The Geocoder is used in the SMS interface for determining your default search location. The DefaultGeocoderImpl doesn't actually do much geocoding... it's just there for testing
    -->
    <bean id="externalGeocoderImpl" class="org.onebusaway.geocoder.impl.FixedGeocoderImpl">
            <property name="lat" value="33.749" />
            <property name="lon" value="-84.388010" />
            <property name="city" value="Atlanta" />
            <property name="state" value="GA" />
            <property name="postalCode" value="30303" />
    </bean>

    <bean id="serviceAreaServiceImpl" class="org.onebusaway.presentation.impl.ServiceAreaServiceImpl">
        <property name="defaultBounds">
            <bean class="org.onebusaway.geospatial.model.CoordinateBounds">
                <property name="minLat" value="33.688067" />    
                <property name="minLon" value="-84.450239" />
                <property name="maxLat" value="33.833064" />
                <property name="maxLon" value="-84.264845" />
            </bean>
        </property>
        <property name="calculateDefaultBoundsFromAgencyCoverage" value="false" />
    </bean>

    <bean id="wikiDocumentService" class="org.onebusaway.wiki.xwiki.impl.XWikiDocumentServiceImpl">
        <property name="xwikiUrl" value="http://localhost/xwiki" />
    </bean>

    <bean id="wikiRenderingService" class="org.onebusaway.wiki.xwiki.impl.XWikiRenderingServiceImpl">
        <property name="wikiDocumentViewUrl" value="/p/%{documentName}.action" />
        <property name="wikiDocumentEditUrl" value="http://onebus.atlantaregion.com/xwiki/bin/edit/Main/%{documentName}" />
        <property name="wikiAttachmentUrl" value="http://onebus.atlantaregion.com/xwiki/bin/download/Main/%{documentName}/%{attachmentName}" />
    </bean>
    <!-- Tells ehCache to use a different name for the cache (to avoid conflicting with other onebusaway webapps)  -->
    <bean class="org.onebusaway.container.spring.PropertyOverrideConfigurer">
      <property name="properties">
        <props>
          <prop key="cacheManager.cacheManagerName">org.onebusaway.webapp.cacheManager</prop>
        </props>
      </property>    
    </bean>

</beans>
