<?xml version="1.0" encoding="UTF-8"?>
<beans xmlns="http://www.springframework.org/schema/beans" xmlns:xsi="http://www.w3.org/2001/XMLSchema-instance"
xmlns:context="http://www.springframework.org/schema/context"
xsi:schemaLocation="
    http://www.springframework.org/schema/beans http://www.springframework.org/schema/beans/spring-beans-3.0.xsd
    http://www.springframework.org/schema/context http://www.springframework.org/schema/context/spring-context-3.0.xsd">

<!-- Database Connection Configuration - used by the other webapps to retrieve transit data-->
<bean id="dataSource" class="org.springframework.jdbc.datasource.DriverManagerDataSource">
    <property name="driverClassName" value="org.postgresql.Driver" />
    <property name="url" value="jdbc:postgresql://localhost:5432/org_onebusaway_database" />
    <property name="username" value="oba" />
    <property name="password" value="seb319obaATL" />
</bean>

<alias name="dataSource" alias="mutableDataSource" />

<bean class="org.onebusaway.container.spring.SystemPropertyOverrideConfigurer">
    <property name="order" value="-2" />
    <property name="properties">
        <props>
            <prop key="bundlePath">/var/oba/bundle</prop>
        </props>
    </property>
</bean>

<!-- Tells ehCache to use a different name for the cache (to avoid conflicting with other onebusaway webapps)  -->
<bean class="org.onebusaway.container.spring.PropertyOverrideConfigurer">
    <property name="properties">
        <props>
            <prop key="cacheManager.cacheManagerName">org.onebusaway.transit_data_federation_webapp.cacheManager</prop>
        </props>
    </property>
</bean>

<!-- You can add real-time transit data config info here later.  See https://github.com/OneBusAway/onebusaway-application-modules/wiki/Real-Time-Data-Configuration-Guide for instructions  -->
<bean class="org.onebusaway.transit_data_federation.impl.realtime.gtfs_realtime.GtfsRealtimeSource">
  <property name="tripUpdatesUrl" value="http://localhost:8081/trip-updates" />
  <property name="vehiclePositionsUrl" value="http://localhost:8081/vehicle-positions" />
  <!-- <property name="alertsUrl" value="http://url/to/gtfs-realtime/alerts" /> -->
  <!-- Optionally set the refresh interval - how often we query the URLs, in seconds (default=30) -->
  <property name="refreshInterval" value="30"/>
  <!-- Optionally configure the agency id we use to match incoming data -->
  <property name="agencyIds">
    <list>
        <value>MARTA</value>
        <value>GATECH</value>
    </list>
  </property>
</bean>

</beans>