<?xml version="1.0" encoding="UTF-8"?>
<!--

    Copyright (C) 2011 Brian Ferris <bdferris@onebusaway.org>

    Licensed under the Apache License, Version 2.0 (the "License");
    you may not use this file except in compliance with the License.
    You may obtain a copy of the License at

            http://www.apache.org/licenses/LICENSE-2.0

    Unless required by applicable law or agreed to in writing, software
    distributed under the License is distributed on an "AS IS" BASIS,
    WITHOUT WARRANTIES OR CONDITIONS OF ANY KIND, either express or implied.
    See the License for the specific language governing permissions and
    limitations under the License.

-->
<beans xmlns="http://www.springframework.org/schema/beans" xmlns:xsi="http://www.w3.org/2001/XMLSchema-instance"
    xmlns:context="http://www.springframework.org/schema/context" xmlns:aop="http://www.springframework.org/schema/aop"
    xmlns:tx="http://www.springframework.org/schema/tx" xmlns:sec="http://www.springframework.org/schema/security"
    xsi:schemaLocation="http://www.springframework.org/schema/beans http://www.springframework.org/schema/beans/spring-beans-2.5.xsd
           http://www.springframework.org/schema/context http://www.springframework.org/schema/context/spring-context-2.5.xsd
           http://www.springframework.org/schema/tx http://www.springframework.org/schema/tx/spring-tx-2.0.xsd
           http://www.springframework.org/schema/aop http://www.springframework.org/schema/aop/spring-aop-2.0.xsd
           http://www.springframework.org/schema/security http://www.springframework.org/schema/security/spring-security-2.0.xsd">

    <import resource="classpath:org/onebusaway/container/application-context-caching.xml" />

    <!--
        See documentation in org.onebusaway.container.spring.ehcache.EhCacheRegionFactory regarding why we have to go
        through these static CacheManager instance shenanigans
    -->
    <bean class="org.springframework.beans.factory.config.MethodInvokingFactoryBean">
        <property name="targetClass" value="org.onebusaway.container.spring.ehcache.EhCacheRegionFactory" />
        <property name="targetMethod" value="setStaticCacheManagerInstance" />
        <property name="arguments">
            <list>
                <ref bean="cacheManager" />
            </list>
        </property>
    </bean>

    <!--
        Common Hibernate properties, can be extended and overriden with
        org.onebusaway.container.spring.PropertiesBeanPostProcessor
    -->
    <bean id="hibernateProperties" class="org.springframework.beans.factory.config.PropertiesFactoryBean">
        <property name="properties">
            <props>
                <prop key="hibernate.hbm2ddl.auto">update</prop>
                <prop key="hibernate.show_sql">false</prop>
                <prop key="hibernate.use_sql_comments">true</prop>
                <prop key="hibernate.cache.use_query_cache">false</prop>
                <prop key="hibernate.cache.use_second_level_cache">true</prop>
                <prop key="hibernate.cache.region.factory_class">org.onebusaway.container.spring.ehcache.EhCacheRegionFactory</prop>
                <prop key="hibernate.generate_statistics">true</prop>
                <prop key="hibernate.cache.use_structured_entries">true</prop>
                <prop key="hibernate.jdbc.batch_size">1000</prop>
            </props>
        </property>
    </bean>

    <!--
        List of Hibernate annotated classes: classes configured for Hibernate using annotations, as opposed to a
        Hibernate xml mapping file. This list can be extended by other modules with an
        org.onebusaway.container.spring.ListBeanPostProcessor
    -->
    <bean id="hibernateAnnotatedClasses" class="org.springframework.beans.factory.config.ListFactoryBean">
        <property name="sourceList">
            <list />
        </property>
    </bean>

    <!--
        List of Hibernate xml mapping files, which control the mapping of Java objects in Hibernate. This list can be
        extended by other modules with an org.onebusaway.container.spring.ListBeanPostProcessor
    -->
    <bean id="hibernateMappingLocations" class="org.springframework.beans.factory.config.ListFactoryBean">
        <property name="sourceList">
            <list />
        </property>
    </bean>

    <!-- Hibernate session factory, where all the pieces above are wired together -->
    <bean id="sessionFactory" class="org.springframework.orm.hibernate3.annotation.AnnotationSessionFactoryBean"
        primary="true">
        <qualifier value="main" />
        <property name="dataSource" ref="dataSource" />
        <property name="hibernateProperties" ref="hibernateProperties" />
        <property name="annotatedClasses" ref="hibernateAnnotatedClasses" />
        <property name="mappingLocations" ref="hibernateMappingLocations" />
    </bean>

    <!-- -->
    <bean id="transactionManager" class="org.springframework.orm.hibernate3.HibernateTransactionManager">
        <property name="sessionFactory" ref="sessionFactory" />
    </bean>

    <!-- -->
    <tx:annotation-driven transaction-manager="transactionManager" />

</beans>