<?xml version="1.0" encoding="UTF-8"?>
<!--

    Copyright (C) 2011 Brian Ferris <bdferris@onebusaway.org>

    Licensed under the Apache License, Version 2.0 (the "License");
    you may not use this file except in compliance with the License.
    You may obtain a copy of the License at

            http://www.apache.org/licenses/LICENSE-2.0

    Unless required by applicable law or agreed to in writing, software
    distributed under the License is distributed on an "AS IS" BASIS,
    WITHOUT WARRANTIES OR CONDITIONS OF ANY KIND, either express or implied.
    See the License for the specific language governing permissions and
    limitations under the License.

-->
<!DOCTYPE struts PUBLIC 
    "-//Apache Software Foundation//DTD Struts Configuration 2.0//EN"
    "http://struts.apache.org/dtds/struts-2.0.dtd">
<struts>
  <constant name="struts.convention.action.suffix" value="Action" />
  <constant name="struts.convention.action.mapAllMatches" value="true" />
  <constant name="struts.convention.default.parent.package" value="rest-custom" />
  <constant name="struts.convention.package.locators.basePackage" value="org.onebusaway.api.actions" />
  <constant name="struts.convention.action.checkImplementsAction" value="false" />
  <constant name="struts.action.extension" value="xhtml,,xml,json,csv,pb,pbtext" />
  <!--
    This exclusion pattern is here because of the difference in how Tomcat and Jetty handle matching requests for the
    url "/".  Tomcat doesn't match it (even though the Struts prepare-and-execute filter is setup to match "/*"), so
    it passes through to the underlying index.jsp to display a hello world message.  Jetty, on the other hand, does
    match it, which causes the Struts prepare-and-execute filter to kick in and then immediately throw a 404 because
    there is no REST action mapped for "/".  So we add a struts.action.excludePattern so that the Struts filter will
    pass on the "/" url, restoring the hello world behavior for Jetty.
  -->
  <constant name="struts.action.excludePattern" value="/"/>
  <include file="struts-onebusaway-api-webapp.xml"/>
</struts>