<?xml version="1.0" encoding="UTF-8"?>
<beans xmlns="http://www.springframework.org/schema/beans" xmlns:xsi="http://www.w3.org/2001/XMLSchema-instance"
    xmlns:context="http://www.springframework.org/schema/context"
    xsi:schemaLocation="
        http://www.springframework.org/schema/beans http://www.springframework.org/schema/beans/spring-beans-2.5.xsd
        http://www.springframework.org/schema/context http://www.springframework.org/schema/context/spring-context-2.5.xsd">

    <bean id="transitDataService" class="org.onebusaway.federations.FederatedServiceFactoryBean">
        <property name="serviceInterface" value="org.onebusaway.transit_data.services.TransitDataService" />
        <property name="serviceProviders">
            <list>
                <bean class="org.springframework.remoting.caucho.HessianProxyFactoryBean">
                    <property name="serviceUrl"
                        value="http://soak-transit-data.onebusaway.org/puget_sound/remoting/transit-data-service" />
                    <property name="serviceInterface" value="org.onebusaway.transit_data.services.TransitDataService" />
                </bean>
            </list>
        </property>
    </bean>

    <!-- Database Connection Configuration -->
    <bean id="dataSource" class="org.springframework.jdbc.datasource.DriverManagerDataSource">
        <property name="driverClassName" value="org.hsqldb.jdbcDriver" />
        <property name="url" value="jdbc:hsqldb:mem:org_onebusaway_temporary" />
        <property name="username" value="sa" />
        <property name="password" value="" />
    </bean>

    <bean id="pronunciationFactory" class="org.onebusaway.presentation.impl.text.XmlTextModificationsFactory">
        <property name="resource" value="classpath:pronunciations.xml" />
    </bean>

    <bean id="destinationPronunciation" factory-bean="pronunciationFactory" factory-method="create">
        <qualifier value="destinationPronunciation" />
    </bean>

    <bean id="routeNumberPronuncation" class="org.onebusaway.phone.impl.RouteNumberPronunciation">
        <qualifier value="routeNumberPronunciation" />
    </bean>

    <bean id="directionPronunciation" class="org.onebusaway.phone.impl.DirectionPronunciation">
        <qualifier value="directionPronunciation" />
    </bean>
    
    <bean id="geocoder" class="org.onebusaway.geocoder.impl.FixedGeocoderImpl">
        <property name="lat" value="47.586025085"/>
        <property name="lon" value="-122.312681448"/>
    </bean>

</beans>